epoch,loss_disc,loss_gen,step
0,0.3133525550365448,10.162702560424805,49
0,0.2153986692428589,9.34118366241455,99
0,0.1553982049226761,7.763047695159912,149
