{"acc1": 0.8164532488388571, "loss55": 0.1286177756581956, "_timestamp": 1721357631.1891856, "_runtime": 2.387890577316284, "_step": 7, "_wandb": {"runtime": 1}}