epoch,loss_disc,loss_gen,step
0,12.702305793762207,9.953246116638184,49
0,7.132715225219727,10.374707221984863,99
