{"acc1": 0.8212214979350899, "loss55": 0.14685361066147973, "_timestamp": 1721357681.916511, "_runtime": 2.5318360328674316, "_step": 7, "_wandb": {"runtime": 1}}