epoch,loss_disc,loss_gen,step
0,157.47328186035156,4.174657344818115,49
0,156.4446563720703,4.692685127258301,99
