{"loss": 6.8019537925720215, "epoch": 0, "trainer/global_step": 49, "_timestamp": 1722079139.801136, "_runtime": 17.53608202934265, "_step": 0, "_wandb": {"runtime": 19}}