epoch,step,train_loss
0,49,6.6859822273254395
0,99,6.6125569343566895
0,149,6.565234184265137
0,199,6.519828796386719
0,249,6.524027347564697
0,299,6.616905212402344
0,349,6.536028861999512
0,399,6.551158905029297
0,449,6.539289951324463
