epoch,loss_disc,loss_gen,step
0,0.3517717719078064,136.4149627685547,49
0,0.2815203368663788,101.93785858154297,99
