epoch,loss_disc,loss_gen,step
0,0.6341962218284607,108.29312133789062,49
0,0.26892420649528503,99.80384826660156,99
