epoch,loss_disc,loss_gen,step
0,0.17206063866615295,69.88157653808594,49
0,0.15564383566379547,58.52878952026367,99
