epoch,loss_disc,loss_gen,step
0,0.35745570063591003,99.44733428955078,49
0,0.2112048864364624,82.08694458007812,99
0,0.2117738127708435,63.24888229370117,149
