epoch,loss_disc,loss_gen,step
0,0.3333294987678528,101.21888732910156,49
0,0.3309480845928192,90.63359832763672,99
