epoch,loss_disc,loss_gen,step
0,0.2154289036989212,92.5504150390625,49
