epoch,loss_disc,loss_gen,step
0,15.741719245910645,10.634570121765137,49
