epoch,loss_disc,loss_gen,step
0,0.12317708879709244,73.98419189453125,49
0,0.12481063604354858,77.729248046875,99
0,0.10166441649198532,77.3161849975586,149
