epoch,loss_disc,loss_gen,step
0,189.44688415527344,5.1446075439453125,49
0,147.70489501953125,3.7660579681396484,99
0,177.179443359375,5.646571159362793,149
0,181.6670684814453,3.877674102783203,199
