epoch,loss_disc,loss_gen,step
0,0.23558813333511353,96.71495056152344,49
0,0.22463490068912506,83.72529602050781,99
0,0.22466282546520233,66.65147399902344,149
