epoch,loss_disc,loss_gen,step
0,144.4497833251953,14.762956619262695,49
0,150.01625061035156,15.444395065307617,99
0,196.70823669433594,13.747526168823242,149
0,172.72430419921875,13.90339183807373,199
