epoch,loss_disc,loss_gen,step
0,0.18806461989879608,110.2216567993164,49
0,0.26200976967811584,97.0422592163086,99
