{"acc": 0.8412816139686738, "loss": 0.16745474901818755, "_timestamp": 1721357507.449401, "_runtime": 2.7557358741760254, "_step": 7, "_wandb": {"runtime": 1}}