{"test_1": 0.8589423990093298, "test_2": 0.15201384902947962, "_timestamp": 1721358050.6148303, "_runtime": 2.407567262649536, "_step": 7, "_wandb": {"runtime": 1}}