epoch,loss_disc,loss_gen,step
0,15.887871742248535,10.36091136932373,49
0,16.492992401123047,10.41976261138916,99
0,11.897015571594238,8.268582344055176,149
0,14.725536346435547,9.164613723754883,199
0,14.213744163513184,8.794498443603516,249
0,9.708122253417969,8.0608491897583,299
